{
  "display": {
    "title": "interactive-text",
    "favicon": "favicon_asset"
  },
  "contact": {
    "name": "author-name",
    "email": ""
  },
  "owner": "",
  "scene": {
    "parcels": [
      "64,-111",
      "61,-111",
      "62,-111",
      "63,-111",
      "63,-112",
      "62,-112",
      "61,-112",
      "65,-111",
      "66,-111",
      "66,-112"
    ],
    "base": "66,-111"
  },
  "communications": {
    "type": "webrtc",
    "signalling": "https://signalling-01.decentraland.org"
  },
  "policy": {
    "contentRating": "E",
    "fly": true,
    "voiceEnabled": true,
    "blacklist": []
  },
  "main": "bin/game.js",
  "tags": [],
  "spawnPoints": [
    {
      "name": "spawn1",
      "default": true,
      "position": {
        "x": 0,
        "y": 0,
        "z": 0
      },
      "cameraTarget": {
        "x": 8,
        "y": 1,
        "z": 8
      }
    }
  ]
}
